Game Name,Price,Discount,Reviews,Tags,Release Date,Publisher
Counter-Strike 2,Free To Play,0%,Very Positive,"FPS, Shooter, Multiplayer, Competitive, Action, Team-Based, eSports, Tactical, First-Person, PvP, Online Co-Op, Co-op, Strategy, Military, War, Trading, Difficult, Realistic, Fast-Paced, Moddable","Aug 21, 2012",Valve
Palworld,$53.98,0%,Very Positive,"Open World, Survival, Creature Collector, Multiplayer, Open World Survival Craft, Crafting, Online Co-Op, Indie, Co-op, Adventure, Base Building, Sandbox, Building, Automation, Third-Person Shooter, RPG, Action, Anime, Exploration, Singleplayer","Jul 9, 2026",Pocketpair
Marvel Rivals,Free To Play,0%,Mixed,"Free to Play, Multiplayer, Hero Shooter, Third-Person Shooter, Superhero, PvP, Action, Team-Based, Sexual Content, Competitive, Shooter, 3D, Online Co-Op, Third Person, Strategy, Co-op, Sci-fi, Hentai, FPS, Nudity","Dec 5, 2024",NetEase Games
Warframe,Free To Play,0%,Very Positive,"Free to Play, Looter Shooter, Action RPG, Third-Person Shooter, Action, RPG, Third Person, Massively Multiplayer, Online Co-Op, Character Customization, Co-op, PvE, Sci-fi, Singleplayer, Space, Lore-Rich, Shooter, Hack and Slash, Parkour, Ninja","Mar 25, 2013",Digital Extremes
Assassin's Creed Black Flag Resynced,$59.99,0%,Very Positive,"Action-Adventure, Assassins, Pirates, Open World, Naval Combat, Stealth, Exploration, Third Person, Adventure, Historical, Action, Parkour, Singleplayer, Naval, Cinematic, Combat, Sailing, Underwater, 3D, Vehicular Combat","Jul 9, 2026",Ubisoft
MECCHA CHAMELEON,$5.09,-15%,Very Positive,"Multiplayer, Casual, Party Game, Funny, Hidden Object, Online Co-Op, Hand-drawn, Comedy, Stealth, Colorful, Indie, Co-op, Real Time Tactics, Cute, Controller, Team-Based, Investigation, Realistic, Mystery, Retro","Jun 9, 2026",lemorion_1224
Halo: Campaign Evolved,$49.99,0%,Mixed,"Action, FPS, Co-op, Singleplayer, Shooter, Sci-fi, Adventure, First-Person, Space, Aliens, Story Rich, Lore-Rich, Violent, Atmospheric, Remake, Cinematic, Multiplayer, Great Soundtrack, LGBTQ+, Horror","Jul 28, 2026",Xbox Game Studios
Apex Legends™,Free To Play,0%,Mixed,"Free to Play, Multiplayer, Battle Royale, FPS, Shooter, First-Person, PvP, Action, Hero Shooter, Team-Based, Tactical, Sci-fi, Loot, Co-op, Survival, Character Customization, Funny, Cyberpunk, Lore-Rich, Cinematic","Nov 4, 2020",Electronic Arts
Dead by Daylight,$22.48,0%,Mostly Positive,"Horror, Multiplayer, Survival Horror, Gore, Online Co-Op, Co-op, Survival, Team-Based, Third Person, Violent, Stealth, First-Person, Psychological Horror, Action, Atmospheric, Strategy, Comedy, Difficult, Sexual Content, LGBTQ+","Jun 14, 2016",Behaviour Interactive Inc.
Battlefield™ 6,$34.99,-50%,Mixed,"Multiplayer, FPS, Military, Singleplayer, Action, Shooter, War, Modern, Combat, Realistic, Battle Royale, Tactical, Epic, Destruction, PvP, Violent, Artificial Intelligence, Co-op, Atmospheric, Sandbox","Oct 10, 2025",Electronic Arts
Where Winds Meet,Free To Play,0%,Very Positive,"Open World, Free to Play, Multiplayer, Souls-like, Action RPG, Singleplayer, Character Customization, Action-Adventure, Adventure, Martial Arts, Fantasy, Atmospheric, Story Rich, MMORPG, Online Co-Op, Wuxia, Co-op, Action, Third Person, Spectacle fighter","Nov 14, 2025",NetEase Games
Forza Horizon 6,$69.99,0%,Mostly Positive,"Racing, Open World, Driving, Multiplayer, Automobile Sim, Simulation, Exploration, Arcade, Realistic, Sports, Atmospheric, Singleplayer, First-Person, Online Co-Op, Co-op, VR, PvP, Funny, Sandbox, LGBTQ+","May 18, 2026",Xbox Game Studios
Grand Theft Auto V Enhanced,$14.99,-50%,Very Positive,"Open World, Sexual Content, Action, Multiplayer, Crime, Shooter, Third Person, Adventure, First-Person, Automobile Sim, Racing, Sandbox, Third-Person Shooter, Funny, Moddable, Atmospheric, PvP, Co-op, Comedy, Nudity","Mar 4, 2025",Rockstar Games
The Mound: Omen of Cthulhu,$23.99,-20%,Mostly Positive,"Co-op, Lovecraftian, Psychological Horror, Roguelite, Action, Adventure, First-Person, Horror, Exploration, Violent, Dark, Roguelike, Gore, Multiplayer, Extraction Shooter, Online Co-Op, Pirates, Survival, Survival Horror, Open World","Jul 15, 2026",Nacon
EA SPORTS FC™ 26,$69.99,0%,Mixed,"Football (Soccer), Multiplayer, Sports, Controller, Simulation, Singleplayer, Local Co-Op, Competitive, Online Co-Op, Realistic, Family Friendly, eSports, PvP, Local Multiplayer, Modern, Character Customization, First-Person, Economy, Female Protagonist, Co-op","Sep 25, 2025",Electronic Arts
Destiny 2,$24.99,-80%,Very Positive,"Free to Play, Open World, Looter Shooter, Multiplayer, MMORPG, FPS, Co-op, PvE, PvP, Shooter, Loot, Massively Multiplayer, First-Person, Sci-fi, Action, Adventure, Lore-Rich, Space, Atmospheric, Competitive","Oct 1, 2019",Bungie
Funnel Runners,$14.99,0%,Very Positive,"Physics, Online Co-Op, Survival Horror, Atmospheric, Multiplayer, Procedural Generation, First-Person, Destruction, Exploration, Nature, Survival, Realistic, Simulation, Action, Co-op, Indie, 1990's, Singleplayer, Early Access, Psychological Horror","Jul 16, 2026",Supernova Studios LLC
Tom Clancy's Rainbow Six Siege,$9.99,-50%,Mostly Positive,"FPS, PvP, Multiplayer, Shooter, Tactical, eSports, Competitive, Online Co-Op, Action, Hero Shooter, Team-Based, Military, Strategy, First-Person, Co-op, Realistic, Destruction, War, Difficult, 3D","Dec 1, 2015",Ubisoft
Rust,$74.65,0%,Very Positive,"Survival, Crafting, Multiplayer, Open World, Open World Survival Craft, Building, PvP, Sandbox, Adventure, First-Person, Action, Nudity, FPS, Shooter, Co-op, Online Co-Op, Indie, Post-apocalyptic, Early Access, Simulation","Feb 8, 2018",Facepunch Studios
Baldur's Gate 3,$59.99,0%,Very Positive,"RPG, Character Customization, Choices Matter, Turn-Based Combat, Story Rich, Sexual Content, CRPG, Fantasy, Adventure, Romance, Online Co-Op, Multiplayer, Strategy, Nudity, Singleplayer, Co-op Campaign, Class-Based, Dark Fantasy, Combat, LGBTQ+","Aug 3, 2023",Larian Studios
"Warhammer 40,000: Darktide",$9.99,-75%,Mostly Positive,"Co-op, PvE, FPS, Class-Based, Combat, Action RPG, Violent, Gore, Atmospheric, Horror, Realistic, Character Customization, Co-op Campaign, Crafting, Zombies, First-Person, Dark, Shooter, Action, RPG","Nov 30, 2022",Fatshark
Dota 2,Free To Play,0%,Mixed,"Free to Play, MOBA, Multiplayer, Strategy, eSports, Team-Based, Competitive, Action, Online Co-Op, PvP, Difficult, Co-op, RTS, RPG, Tower Defense, Fantasy, Character Customization, Replay Value, Action RPG, Simulation","Jul 9, 2013",Valve
Wuthering Waves,Free To Play,0%,Very Positive,"Open World, Anime, Free to Play, Action, Story Rich, Adventure, RPG, Combat, Exploration, 3D, Souls-like, Third Person, Singleplayer, Post-apocalyptic, Co-op, Multiplayer, Great Soundtrack, Gambling, Hack and Slash, Hentai","Apr 28, 2025",KURO GAMES
Grim Dawn,$56.91,0%,Very Positive,"Action RPG, Hack and Slash, Loot, Isometric, Dark Fantasy, RPG, Dungeon Crawler, Co-op, Singleplayer, Character Customization, Dark, Multiplayer, Fantasy, Adventure, Action, Atmospheric, Post-apocalyptic, Crafting, Moddable, Choices Matter","Feb 25, 2016",Crate Entertainment
War Thunder,Free To Play,0%,Mixed,"Free to Play, Vehicular Combat, Simulation, Action, Combat, Flight, World War II, VR, War, Military, Tanks, Multiplayer, Naval Combat, Massively Multiplayer, Modern, Cold War, Shooter, Realistic, Third Person, Third-Person Shooter","Aug 15, 2013",Gaijin Network Ltd
Shift At Midnight,$8.99,-10%,Overwhelmingly Positive,"Horror, Online Co-Op, Multiplayer, Retro, 3D, First-Person, Co-op, Simulation, Survival Horror, Comedy, Mystery, Investigation, Detective, 1990's, Interactive Fiction, Atmospheric, Singleplayer, Choices Matter, Stealth, Psychological Horror","Jul 22, 2026",Kwalee
Avatar Legends: The Fighting Game,$29.99,0%,Mostly Positive,"2D Fighter, Hand-drawn, Multiplayer, Singleplayer, Anime, Cartoon, Action, Combat, Fantasy, Martial Arts, 2D, Fighting, PvP, Arcade, Colorful, Comedy, Lore-Rich, Controller, Story Rich, Stylized","Jul 23, 2026","PM Studios, Inc., Paramount Games"
ELDEN RING,$59.99,0%,Very Positive,"Souls-like, Open World, Dark Fantasy, RPG, Difficult, Action RPG, Multiplayer, Third Person, Fantasy, Singleplayer, Online Co-Op, Action, Co-op, Atmospheric, Great Soundtrack, PvP, Violent, 3D, Character Customization, Family Friendly","Feb 24, 2022","FromSoftware, Inc., Bandai Namco Entertainment"
"Warhammer 40,000: Space Marine 2",$17.99,-70%,Very Positive,"Co-op, Action, Multiplayer, Third-Person Shooter, PvE, Adventure, Action-Adventure, Third Person, Sci-fi, Wargame, Singleplayer, War, Space, 3D, Fantasy, Futuristic, Cinematic, Realistic, Gore, PvP","Sep 9, 2024",Focus Entertainment
DragonSword : Awakening,$44.98,0%,Very Positive,"Action, RPG, Adventure, Open World, Anime, Action RPG, JRPG, Action-Adventure, 3D, Dragons, Third Person, Fantasy, Multiplayer, Online Co-Op, Lore-Rich, PvE, Combat, Story Rich, Hack and Slash, Singleplayer","Jul 22, 2026",Hound13 Inc.
Path of Exile 2,$29.99,0%,Mostly Positive,"Action RPG, Hack and Slash, RPG, Loot, MMORPG, Isometric, Souls-like, Dark Fantasy, Action, Dungeon Crawler, Multiplayer, Adventure, Online Co-Op, Character Customization, Inventory Management, Early Access, Crafting, Dark, Horror, Singleplayer","Dec 6, 2024",Grinding Gear Games
Tears of Metal,$22.49,-10%,Very Positive,"Early Access, Hack and Slash, Action Roguelike, Musou, Medieval, Co-op, Difficult, Third Person, Dark Fantasy, Fighting, Multiplayer, Replay Value, Singleplayer, Action, Roguelike, Beat 'em up, Stylized, War, Online Co-Op, Roguelite","Jul 22, 2026",Paper Cult
Team Fortress 2,Free To Play,0%,Very Positive,"Free to Play, Hero Shooter, Multiplayer, FPS, Shooter, Action, Class-Based, Team-Based, Funny, First-Person, Online Co-Op, Competitive, Cartoony, Trading, Co-op, Comedy, Robots, Tactical, Cartoon, Crafting","Oct 10, 2007",Valve
Gamble With Your Friends,$4.95,-38%,Very Positive,"Multiplayer, Online Co-Op, Gambling, Co-op, Comedy, Physics, First-Person, Adventure, Exploration, 3D, Atmospheric, Character Customization, Action Roguelike, Simulation, Procedural Generation, Time Management, Resource Management, Action, Sandbox, Card Game","May 1, 2026",TENSTACK
HELLDIVERS™ 2,$59.99,0%,Very Positive,"Online Co-Op, PvE, Third-Person Shooter, Multiplayer, Shooter, Action, Co-op, Sci-fi, Extraction Shooter, Capitalism, Space, Third Person, Comedy, Gore, Great Soundtrack, Violent, Difficult, Psychological Horror, Singleplayer, Open World","Feb 8, 2024",PlayStation Publishing LLC
007 First Light,$69.99,0%,Very Positive,"Singleplayer, Action-Adventure, Action, Stealth, Adventure, Story Rich, Third-Person Shooter, Cinematic, Third Person, 3D, Atmospheric, Exploration, Driving, Shooter, Combat, Controller, Lore-Rich, Immersive Sim, Assassins, Dark","May 26, 2026",IO Interactive A/S
FINAL FANTASY XIV Online,$19.99,0%,Very Positive,"MMORPG, RPG, Character Customization, Massively Multiplayer, Fantasy, JRPG, Open World, Story Rich, Multiplayer, Magic, Online Co-Op, Adventure, Third Person, Co-op, Crafting, Action, Exploration, Atmospheric, Action RPG, Female Protagonist","Feb 18, 2014",Square Enix
Arena Breakout: Infinite,Free To Play,0%,Mostly Positive,"Free to Play, Extraction Shooter, Multiplayer, FPS, Realistic, Gun Customization, Shooter, First-Person, Tactical, Heist, Resource Management, Survival, Tactical RPG, MOBA, Action, War, Sniper, 3D, Noir, Adventure","Sep 15, 2025",Morefun Studios
Granblue Fantasy: Relink,$39.99,0%,Very Positive,"Anime, JRPG, Action RPG, Online Co-Op, Action, Multiplayer, Fantasy, RPG, Female Protagonist, Singleplayer, Third Person, Hack and Slash, Spectacle fighter, 3D, Magic, Controller, Swordplay, PvE, Dragons, Tutorial","Jan 31, 2024","Cygames, Inc."
Cyberpunk 2077,$82.78,0%,Very Positive,"Cyberpunk, Open World, Nudity, RPG, Singleplayer, Story Rich, Sci-fi, FPS, Futuristic, First-Person, Atmospheric, Exploration, Action, Violent, Great Soundtrack, Action RPG, Adventure, Character Customization, Immersive Sim, LGBTQ+","Dec 9, 2020",CD PROJEKT RED
MapleStory,Free To Play,0%,Mostly Negative,"MMORPG, 2D Platformer, Free to Play, Character Customization, Loot, PvE, Side Scroller, Multiplayer, Anime, Cute, Co-op, Multiple Endings, Platformer, Massively Multiplayer, PvP, Third Person, Story Rich, RPG, 2D, Casual","Aug 9, 2012",Nexon America Inc.
Grim Dawn - Fangs of Asterkarn,$17.09,-10%,Very Positive,"Action RPG, Hack and Slash, Loot, Isometric, Dark Fantasy, RPG, Dungeon Crawler, Co-op, Singleplayer, Character Customization, Dark, Multiplayer, Adventure, Fantasy, Action, Atmospheric, Post-apocalyptic, Crafting, Moddable, Choices Matter","Jul 23, 2026",N/A
Call of Duty®: Black Ops II,$792.38,0%,Very Positive,"Multiplayer, Action, FPS, Shooter, Singleplayer, First-Person, Co-op, War, Online Co-Op, Team-Based, Futuristic, Controller, Survival, Tactical, Horror, Great Soundtrack, Sci-fi, Adventure, Massively Multiplayer, Atmospheric","Nov 12, 2012",Activision
Subnautica 2,$80.97,0%,Very Positive,"Multiplayer, Survival, Horror, Underwater, Exploration, Co-op, Open World, Survival Horror, First-Person, Adventure, Atmospheric, Early Access, Psychological Horror, Sci-fi, Singleplayer, 3D, Sandbox, Action, Base Building, Casual","May 14, 2026",Unknown Worlds Entertainment
Magic: The Gathering Arena,Free To Play,0%,Mixed,"Strategy, Card Game, Free to Play, Trading Card Game, Deckbuilding, PvP, Multiplayer, Turn-Based Strategy, Fantasy, Magic, eSports, Tactical, Gambling, Card Battler, Turn-Based, Singleplayer, Competitive","May 23, 2023",Wizards of the Coast
The Elder Scrolls® Online,$132.24,0%,Mixed,"RPG, MMORPG, Open World, Fantasy, Adventure, Multiplayer, Exploration, Singleplayer, Massively Multiplayer, Action, Character Customization, PvP, PvE, Lore-Rich, Story Rich, Choose Your Own Adventure, Class-Based, Magic, Action RPG, Atmospheric","Apr 4, 2014",Bethesda Softworks
VRChat,Free To Play,0%,Mostly Positive,"VR, Free to Play, Multiplayer, Anime, Memes, Funny, Massively Multiplayer, First-Person, Open World, Early Access, Simulation, Casual, Adventure, Sandbox, Comedy, MMORPG, Dating Sim, Survival Horror, Action, Atmospheric","Feb 1, 2017",VRChat Inc.
Escape from Tarkov,$81.99,0%,Mixed,"Psychological Horror, Extraction Shooter, Gun Customization, Shooter, Looter Shooter, Tactical, FPS, Survival Horror, Realistic, Military, Multiplayer, First-Person, PvE, PvP, Survival, Online Co-Op, Action, Simulation, War, Massively Multiplayer","Nov 15, 2025",Battlestate Games
Black Desert,$39.98,0%,Mixed,"Sandbox, Action RPG, Exploration, MMORPG, War, Medieval, Crafting, PvP, First-Person, Action-Adventure, Character Customization, Open World, RPG, Strategy, 3D, Cooking, Fantasy, Action, Magic, Cinematic","May 24, 2017",Pearl Abyss
Heartopia,Free To Play,0%,Mostly Positive,"Free to Play, Multiplayer, Cute, Artificial Intelligence, Life Sim, Casual, Relaxing, Character Customization, Simulation, City Builder, Cozy, Immersive Sim, Cartoony, Third Person, 3D Platformer, Nature, Funny, Singleplayer, Realistic, Atmospheric","Jan 16, 2026",XD
ICARUS,$6.99,-80%,Mostly Positive,"Survival, Open World Survival Craft, Multiplayer, Base Building, Online Co-Op, Crafting, Open World, Exploration, Building, Co-op, PvE, First-Person, Space, Realistic, Sandbox, Third Person, Mining, Adventure, Nature, Science","Dec 3, 2021",RocketWerkz
Slay the Spire 2,$28.11,-38%,Mixed,"Roguelike, Card Game, Deckbuilding, Co-op, Strategy, Roguelike Deckbuilder, Multiplayer, Political, Turn-Based Combat, Card Battler, Indie, Difficult, Roguelite, Early Access, 2D, Singleplayer, Replay Value, Dungeon Crawler, Fantasy, Procedural Generation","Mar 5, 2026",Mega Crit
Call of Duty®: Black Ops III,$792.38,0%,Very Positive,"Multiplayer, Zombies, FPS, Shooter, Action, First-Person, Singleplayer, Co-op, Futuristic, Hero Shooter, Robots, Sci-fi, Gore, Great Soundtrack, Story Rich, Atmospheric, Parkour, Split Screen, Quick-Time Events, Simulation","Nov 5, 2015","Activision, Aspyr (Mac)"
Ready or Not,$49.99,0%,Very Positive,"Tactical, Realistic, FPS, Shooter, Multiplayer, Singleplayer, Co-op, Horror, First-Person, Action, Psychological Horror, Violent, Gun Customization, Combat, Crime, Gore, Modern, Atmospheric, Co-op Campaign, VR","Dec 13, 2023",VOID Interactive
Monster Hunter Wilds,$29.39,-58%,Mixed,"Hunting, Action, Multiplayer, Online Co-Op, Co-op, Character Customization, Dragons, Open World, Third Person, Dating Sim, Action RPG, Adventure, Fantasy, RPG, Cute, Singleplayer, Atmospheric, Great Soundtrack, Underwater, Souls-like","Feb 27, 2025","CAPCOM Co., Ltd."
Resident Evil Requiem,$55.99,-20%,Very Positive,"Survival Horror, Zombies, Horror, Third-Person Shooter, Action, FPS, First-Person, Action-Adventure, Singleplayer, Cinematic, Realistic, 3D, Dark, Story Rich, Female Protagonist, Post-apocalyptic, Violent, Inventory Management, Modern, Gore","Feb 26, 2026","CAPCOM Co., Ltd."
Fallout 76,$147.92,0%,Mixed,"Open World, Multiplayer, Post-apocalyptic, RPG, Dark Comedy, Capitalism, Survival, Base Building, Co-op, Shooter, MMORPG, Horror, Singleplayer, Exploration, FPS, Gore, Violent, Atmospheric, Great Soundtrack, Character Customization","Apr 14, 2020",Bethesda Softworks
PUBG: BATTLEGROUNDS,Free To Play,0%,Mostly Positive,"Survival, Shooter, Battle Royale, Multiplayer, FPS, PvP, Third-Person Shooter, Action, Online Co-Op, Tactical, Co-op, First-Person, Strategy, Early Access, Competitive, Third Person, Team-Based, Difficult, Simulation, Stealth","Dec 21, 2017","KRAFTON, Inc."
Once Human,Free To Play,0%,Very Positive,"Free to Play, Survival, Multiplayer, Open World Survival Craft, Co-op, Open World, Base Building, Post-apocalyptic, Adventure, Massively Multiplayer, Horror, Third Person, Online Co-Op, Shooter, Singleplayer, PvP, RPG, Action-Adventure, Simulation, MMORPG","Jul 9, 2024","Starry Studio, NetEase Games"
Dinoblade,$17.99,-10%,Very Positive,"Dinosaurs, Souls-like, Action RPG, Combat, Action, Singleplayer, 3D, RPG, Third Person, Fantasy, Hack and Slash, PvE, Boss Rush, Magic, Linear, Dark Fantasy, Indie, Nature, Casual, Action-Adventure","Jul 23, 2026","Team Spino LLC, Boltray Games"
DELTARUNE,$35.98,0%,Overwhelmingly Positive,"Story Rich, Great Soundtrack, Pixel Graphics, Funny, RPG, Singleplayer, Bullet Hell, Emotional, 2D, Comedy, Fantasy, Soundtrack, Music, Mystery, Dark, Action RPG, Episodic, Retro, JRPG, Surreal","Jun 4, 2025",tobyfox
ARK: Survival Ascended,$59.98,0%,Mixed,"Early Access, Survival, Open World, Multiplayer, Dinosaurs, Base Building, Crafting, Building, Adventure, Sandbox, Action, Character Customization, PvE, Singleplayer, PvP, Massively Multiplayer, Inventory Management, RPG, Fantasy, Sci-fi","Oct 25, 2023","Studio Wildcard, Snail Games USA"
Schedule I,$19.99,0%,Overwhelmingly Positive,"Simulation, Crime, Co-op, Management, Multiplayer, Open World, First-Person, Crafting, Automation, Base Building, Action, Building, Stealth, Strategy, Character Customization, Driving, Shooter, Early Access, FPS, Indie","Mar 24, 2025",TVGS
Tainted Grail: The Fall of Avalon,$22.49,-50%,Very Positive,"RPG, Adventure, Open World, Dark Fantasy, First-Person, Character Customization, Exploration, Third Person, Singleplayer, Action RPG, Choices Matter, Story Rich, Action, Nonlinear, Survival Horror, Multiple Endings, Immersive, Narrative, Immersive Sim, FPS","May 23, 2025",Awaken Realms
Escape the Backrooms,$17.08,-5%,Very Positive,"Horror, Multiplayer, Online Co-Op, Psychological Horror, Co-op, Survival Horror, First-Person, Escape Room, Exploration, Adventure, 3D, Singleplayer, Action, Indie, Stealth, Action-Adventure, Casual, Dungeon Crawler, Early Access, Sexual Content","Oct 23, 2025",Secret Mode
Resident Evil 4,$9.99,-75%,Overwhelmingly Positive,"Horror, Action, Third-Person Shooter, Survival Horror, Singleplayer, Zombies, Story Rich, Survival, Remake, Dark, Cinematic, Gore, Third Person, Realistic, VR, Resource Management, Adventure, Action-Adventure, Violent, Psychological Horror","Mar 23, 2023","CAPCOM Co., Ltd."
N/A,Free to Play / Not Available,0%,N/A,N/A,N/A,N/A
Crimson Desert,$69.99,0%,Mostly Positive,"Open World, Action, Singleplayer, Exploration, Adventure, Combat, Fantasy, Medieval, Action-Adventure, RPG, Dragons, Third Person, Choose Your Own Adventure, Story Rich, Horses, PvE, 3D, Artificial Intelligence, Gore, Souls-like","Mar 19, 2026",Pearl Abyss
The Sims™ 4,$59.97,0%,Very Positive,"Life Sim, Free to Play, Character Customization, Building, Simulation, Romance, Singleplayer, Sandbox, Dating Sim, Casual, Relaxing, Realistic, Funny, Family Friendly, Cute, Immersive Sim, Fantasy, Adventure, Cartoony, Nudity","Sep 2, 2014",Electronic Arts
THE FINALS,Free To Play,0%,Mostly Positive,"Destruction, Free to Play, FPS, Multiplayer, Shooter, PvP, Team-Based, Competitive, Action, First-Person, Arena Shooter, Tactical, Character Customization, Online Co-Op, Combat, Co-op, Class-Based, Atmospheric, Realistic, Battle Royale","Dec 7, 2023",Embark Studios
iRacing,Free to Play / Not Available,0%,Mostly Positive,"Racing, Automobile Sim, Simulation, VR, Driving, Sports, Multiplayer, Realistic, Massively Multiplayer, Singleplayer, Controller, eSports, First-Person, Action, Split Screen, Competitive, TrackIR","Jan 12, 2015","iRacing.com Motorsport Simulations, iRacing"
Path of Exile,Free To Play,0%,Very Positive,"Free to Play, Action RPG, Dark Fantasy, Hack and Slash, Loot, MMORPG, Multiplayer, Dungeon Crawler, Isometric, RPG, Character Customization, Online Co-Op, Singleplayer, Inventory Management, Action, PvP, Horror, Massively Multiplayer, Fantasy, Adventure","Oct 23, 2013",Grinding Gear Games
Street Fighter™ 6,$19.99,-50%,Mostly Positive,"2D Fighter, Fighting, Arcade, Character Customization, Multiplayer, Action, PvP, Competitive, Adventure, Local Multiplayer, eSports, Singleplayer, Controller, Martial Arts, Open World, 3D, Action RPG, Great Soundtrack, Female Protagonist, Psychological Horror","Jun 1, 2023","CAPCOM Co., Ltd."
R.E.P.O.,$6.49,-35%,Very Positive,"Horror, Online Co-Op, Multiplayer, Comedy, Co-op, Physics, First-Person, 3D, Stealth, Survival, Robots, Exploration, Funny, Action, Action Roguelike, Procedural Generation, Post-apocalyptic, Sci-fi, Perma Death, Early Access","Feb 26, 2025",semiwork
Paralives,$53.98,0%,Very Positive,"Life Sim, Character Customization, Simulation, Building, Indie, Open World, Singleplayer, LGBTQ+, Sandbox, Relaxing, Casual, Early Access, Cute, Cozy, Family Friendly, Moddable, Sexual Content, Realistic, Immersive Sim, Atmospheric","May 25, 2026",Paralives Studio
Burglin' Gnomes,$7.99,-20%,Very Positive,"Co-op, Funny, Multiplayer, First-Person, PvE, Exploration, Horror, Action, Physics, Heist, Stealth, Loot, 3D, Action-Adventure, Adventure, Crafting, Procedural Generation, Survival Horror, Stylized, Atmospheric","Jun 10, 2026",Fobri
Season 4 Battlefield Pro - Battlefield™ 6 and REDSEC,$24.99,0%,Positive,Action,"Jul 21, 2026",Electronic Arts
Windrose,$37.98,0%,Very Positive,"Early Access, Pirates, Online Co-Op, Open World Survival Craft, Survival, Crafting, PvE, Exploration, Naval Combat, Building, Sailing, Open World, Base Building, Massively Multiplayer, Adventure, PvP, Combat, Action-Adventure, Third Person, Action","Apr 14, 2026","Kraken Express, Pocketpair Publishing (Japan)"
Satisfactory,$27.99,-30%,Overwhelmingly Positive,"Base Building, Automation, Open World, Crafting, Multiplayer, Co-op, Building, Resource Management, Sandbox, Exploration, Open World Survival Craft, Adventure, Survival, First-Person, Simulation, Strategy, Singleplayer, Sci-fi, Indie, Early Access","Sep 10, 2024",Coffee Stain Publishing
Stellaris,$285.20,0%,Mostly Positive,"Space, Strategy, Grand Strategy, Sci-fi, 4X, Exploration, Sandbox, Simulation, Multiplayer, Real-Time with Pause, Singleplayer, Moddable, Management, Diplomacy, Military, Futuristic, Replay Value, Great Soundtrack, Procedural Generation, Atmospheric","May 9, 2016",Paradox Interactive
NBA 2K26,$69.99,0%,Mixed,"Sports, Basketball, Simulation, 3D, Multiplayer, eSports, Controller, Singleplayer, Character Customization, Management, PvP, Team-Based, Online Co-Op, Trading, Local Multiplayer, LGBTQ+, Co-op, Local Co-Op, Gambling, Immersive Sim","Sep 4, 2025",2K
American Truck Simulator,$48.48,0%,Overwhelmingly Positive,"Automobile Sim, Driving, Open World, Simulation, Transportation, Realistic, Moddable, Relaxing, Exploration, Economy, Management, Atmospheric, Immersive Sim, Multiplayer, Singleplayer, Adventure, Casual, Family Friendly, Level Editor, First-Person","Feb 2, 2016",SCS Software
EA SPORTS™ College Football 27,$97.98,0%,Mostly Negative,"Simulation, Sports, Competitive, Multiplayer, Football (American), PvP, Co-op, Local Co-Op, Strategy, Online Co-Op, Local Multiplayer, Singleplayer, Cinematic, Realistic, Controller","Jul 9, 2026",Electronic Arts
N/A,Free to Play / Not Available,0%,N/A,N/A,N/A,N/A
Diablo® IV,$49.99,0%,Mixed,"Action RPG, Hack and Slash, Loot, Isometric, RPG, Online Co-Op, Dungeon Crawler, Multiplayer, Co-op, Singleplayer, PvE, Demons, Dark, Fantasy, Character Customization, Dark Fantasy, MMORPG, Gore, Story Rich, Exploration","Oct 17, 2023","Blizzard Entertainment, Inc."
RimWorld,$76.47,0%,Overwhelmingly Positive,"Colony Sim, Base Building, Survival, Strategy, Management, Sandbox, Singleplayer, Moddable, Simulation, Sci-fi, Story Rich, Replay Value, Open World, 2D, Procedural Generation, Indie, City Builder, Tactical RPG, Building, Atmospheric","Oct 17, 2018",Ludeon Studios
No Man's Sky,$23.99,-60%,Very Positive,"Open World, Space, Open World Survival Craft, Exploration, Sci-fi, Survival, Multiplayer, Procedural Generation, Adventure, Sandbox, First-Person, Singleplayer, Atmospheric, Crafting, Space Sim, Indie, Action, Simulation, VR, FPS","Aug 12, 2016",Hello Games
Overwatch®,Free To Play,0%,Mixed,"Free to Play, Hero Shooter, FPS, Multiplayer, Team-Based, First-Person, MOBA, Third-Person Shooter, Third Person, PvP, Competitive, Shooter, Action, Co-op, Sci-fi, Online Co-Op, Casual, PvE, Cinematic, Lore-Rich","Aug 10, 2023","Blizzard Entertainment, Inc."
Phasmophobia,$13.99,-30%,Very Positive,"Horror, Online Co-Op, Multiplayer, Psychological Horror, Co-op, VR, Supernatural, First-Person, Investigation, Dark, Detective, Demons, Mystery, Thriller, 3D, Early Access, Indie, Action, Tactical, Singleplayer","Sep 18, 2020",Kinetic Games
METAL GEAR & METAL GEAR 2: Solid Snake,$9.99,-50%,Mostly Positive,"Action, Action-Adventure, Adventure, Exploration, 2D Platformer, Stealth, 2D, Top-Down Shooter, Pixel Graphics, Cinematic, Top-Down, 1990's, Military, War, Tactical, Tanks, Singleplayer, Story Rich, Violent, Classic","Oct 24, 2023",KONAMI
Sid Meier's Civilization VII,$34.99,-50%,Mixed,"Grand Strategy, Historical, Strategy, Military, 4X, City Builder, Diplomacy, Simulation, Multiplayer, Economy, War, Turn-Based Tactics, Turn-Based Strategy, Tactical, Singleplayer, Hex Grid, Alternate History, Political Sim, Stylized, PvP","Feb 10, 2025",2K
Arma Reforger,$27.99,-30%,Very Positive,"Military, Simulation, Shooter, Realistic, FPS, Action, Strategy, Multiplayer, First-Person, Sandbox, War, Real Time Tactics, Tactical, Open World, Third Person, PvE, PvP, Singleplayer, Cold War, 1980s","Nov 16, 2023",Bohemia Interactive
Crusader Kings III,$235.27,0%,Very Positive,"Strategy, Medieval, Grand Strategy, Simulation, RPG, Historical, Management, Character Customization, Life Sim, Sandbox, Choices Matter, RTS, War, Singleplayer, Economy, Political, Multiplayer, Moddable, 4X, Real-Time with Pause","Sep 1, 2020",Paradox Interactive
RuneScape: Dragonwilds,$209.71,-14%,Mostly Positive,"Open World, Survival, Multiplayer, Open World Survival Craft, Co-op, Online Co-Op, Early Access, Crafting, Building, Exploration, Base Building, Adventure, RPG, Action, Dragons, Fantasy, Sandbox, Singleplayer, Magic, Third Person","Apr 15, 2025","Jagex Ltd, Graph"
Umamusume: Pretty Derby,Free To Play,0%,Very Positive,"Anime, Horses, Cute, Free to Play, Gambling, Racing, Roguelite, Sports, Management, Simulation, Roguelike, Funny, Visual Novel, Story Rich, 3D, Singleplayer, PvP, Emotional, Multiplayer, Female Protagonist","Jun 24, 2025","Cygames, Inc."
The Binding of Isaac: Rebirth,$35.97,0%,Very Positive,"Action Roguelike, Roguelike, Indie, Replay Value, Difficult, Pixel Graphics, Dungeon Crawler, Great Soundtrack, Singleplayer, Dark, 2D, Local Co-Op, Gore, Remake, Roguelite, Procedural Generation, Co-op, Atmospheric, Action, Horror","Nov 4, 2014","Nicalis, Inc."
Call of Duty®,$69.99,0%,Mixed,"FPS, Multiplayer, Shooter, Singleplayer, Action, Military, First-Person, War, Modern, Tactical, Violent, Co-op, Realistic, Story Rich, Atmospheric, Online Co-Op, Gore, Third-Person Shooter, Third Person, Battle Royale","Oct 27, 2022",Activision
The Outlast Trials,$79.95,0%,Very Positive,"Horror, Multiplayer, Co-op, Survival Horror, Psychological Horror, First-Person, PvE, Stealth, Character Customization, Action, Survival, Action-Adventure, Dark Humor, Dark, Realistic, Atmospheric, Alternate History, Science, Gore, Adventure","Mar 5, 2024",Red Barrels
DayZ,$29.99,-50%,Very Positive,"Survival, Open World, Zombies, Online Co-Op, Multiplayer, Post-apocalyptic, Shooter, PvP, Massively Multiplayer, FPS, Sandbox, Horror, Action, Survival Horror, Co-op, Adventure, First-Person, Simulation, Atmospheric, Choose Your Own Adventure","Dec 13, 2018",Bohemia Interactive
Battlefield™ REDSEC,Free To Play,0%,Mostly Negative,"Free to Play, Multiplayer, Action, FPS, Singleplayer, Military, Shooter, War, Modern, Battle Royale, Realistic, Epic, Combat, Tactical, Destruction, PvP, Atmospheric, Violent, Co-op, Sandbox","Oct 28, 2025",Electronic Arts
PEAK,$12.94,-10%,Very Positive,"Multiplayer, Online Co-Op, Co-op, Physics, Adventure, Exploration, First-Person, Comedy, 3D, Procedural Generation, Atmospheric, Action Roguelike, Action, Time Management, Character Customization, Platformer, Horror, Mystery, Investigation, Survival Horror","Jun 16, 2025","Aggro Crab, Evil Landfall?"
Stardew Valley,$14.99,0%,Overwhelmingly Positive,"Farming Sim, Pixel Graphics, Multiplayer, Life Sim, RPG, Relaxing, Simulation, Agriculture, Crafting, Indie, Sandbox, Building, Casual, Open World, Singleplayer, 2D, Dating Sim, Cute, Great Soundtrack, Fishing","Feb 26, 2016",ConcernedApe
Hearts of Iron IV,$169.93,0%,Very Positive,"Strategy, World War II, Grand Strategy, War, Historical, Military, Alternate History, Multiplayer, Simulation, Tactical, Singleplayer, RTS, Real-Time with Pause, Diplomacy, Sandbox, Co-op, Strategy RPG, Open World, Competitive, Action","Jun 6, 2016",Paradox Interactive
Avatar: Frontiers of Pandora™,$17.99,-40%,Mostly Positive,"Open World, Adventure, Action, Multiplayer, Online Co-Op, Singleplayer, Exploration, First-Person, Shooter, Character Customization, Story Rich, Sci-fi, Atmospheric, Co-op, 3D, Third Person, Beautiful, Immersive Sim, RPG, FPS","Jun 17, 2024",Ubisoft
theHunter: Call of the Wild™,$3.99,-80%,Very Positive,"Hunting, Open World, Multiplayer, Nature, Relaxing, Stealth, FPS, Simulation, Survival, Realistic, Sandbox, Online Co-Op, Co-op, First-Person, Walking Simulator, Immersive Sim, Shooter, Sports, Controller, Strategy","Feb 16, 2017",Avalanche Studios
Farming Simulator 25,$49.57,-5%,Very Positive,"Simulation, Farming Sim, Multiplayer, Realistic, 3D, Economy, First-Person, Time Management, Building, Third Person, Management, Immersive Sim, Atmospheric, Relaxing, Online Co-Op, Nature, Farming, Physics, Singleplayer, Moddable","Nov 12, 2024",GIANTS Software
LEGO® Batman™: Legacy of the Dark Knight,$69.99,0%,Very Positive,"Co-op, Open World, Superhero, Comic Book, Multiplayer, Action, Action-Adventure, Funny, 3D Platformer, Third Person, Local Co-Op, Adventure, Controller, Story Rich, Family Friendly, Singleplayer, Parody, Casual, Combat, Atmospheric","May 22, 2026","Warner Bros. Games, Warner Bros. Interactive Entertainment"
Throne and Liberty,Free To Play,0%,Mixed,"MMORPG, Open World, Free to Play, Massively Multiplayer, RPG, Fantasy, Character Customization, PvP, PvE, Multiplayer, Action, Adventure, Third Person, Exploration, Action-Adventure, Online Co-Op, Combat, Crafting, Co-op, Emotional","Oct 1, 2024",Amazon Game Studios
The Elder Scrolls V: Skyrim Special Edition,$132.24,0%,Overwhelmingly Positive,"Open World, RPG, Adventure, Fantasy, Singleplayer, Character Customization, Moddable, Dragons, Story Rich, Magic, First-Person, Action, Atmospheric, Great Soundtrack, Third Person, Stealth, Classic, Remake, Female Protagonist, Walking Simulator","Oct 27, 2016",Bethesda Softworks
Echoes of Aincrad,$69.99,0%,Mixed,"Anime, JRPG, Singleplayer, Action RPG, Souls-like, Fantasy, Hack and Slash, RPG, 3D, Character Customization, Action, Dark, Futuristic, Adventure, Realistic, Dungeon Crawler, VR, Walking Simulator, Mystery, Female Protagonist","Jul 9, 2026",Bandai Namco Entertainment Inc.
World of Warships,Free To Play,0%,Mixed,"Vehicular Combat, Shooter, Naval Combat, Multiplayer, PvP, Third-Person Shooter, Team-Based, War, World War II, Military, Historical, Naval, Free to Play, Simulation, Realistic, 3D, PvE, Online Co-Op, Action, Co-op","Nov 15, 2017",Wargaming Group Limited
Clair Obscur: Expedition 33,$47.99,-20%,Very Positive,"Turn-Based Combat, Story Rich, Fantasy, Great Soundtrack, RPG, Singleplayer, JRPG, Exploration, Lore-Rich, Adventure, Party-Based RPG, Dark Fantasy, Action RPG, Souls-like, 3D, Character Customization, Post-apocalyptic, Action, Indie, Realistic","Apr 24, 2025",Kepler Interactive
Limbus Company,Free To Play,0%,Very Positive,"Story Rich, Lore-Rich, Free to Play, Turn-Based Combat, Visual Novel, Turn-Based Tactics, Singleplayer, Great Soundtrack, Strategy, RPG, Turn-Based Strategy, Strategy RPG, Anime, 2D, Dark Fantasy, PvE, Action, Sci-fi, Roguelite, Colorful","Feb 26, 2023",ProjectMoon
Cyberpunk 2077: Phantom Liberty,$47.48,0%,Very Positive,"RPG, Sexual Content, Open World, Cyberpunk, Story Rich, Nudity, Singleplayer, Violent, Gore, First-Person, Character Customization, Atmospheric, Choices Matter, FPS, Horror, Shooter, Action, Action RPG, Great Soundtrack, Stealth","Sep 25, 2023",CD PROJEKT RED
ARC Raiders,$39.99,0%,Mixed,"Extraction Shooter, PvE, Multiplayer, PvP, Third-Person Shooter, Post-apocalyptic, Shooter, Online Co-Op, Survival, Sci-fi, Third Person, Atmospheric, Crafting, Inventory Management, Action, Open World, Combat, Futuristic, Character Customization, Realistic","Oct 30, 2025",Embark Studios
Dispatch,$23.99,-20%,Overwhelmingly Positive,"Choices Matter, Story Rich, Sexual Content, Nudity, Superhero, Singleplayer, Romance, Comedy, Choose Your Own Adventure, Episodic, Cinematic, Funny, Strategy, Action, Point & Click, Visual Novel, Comic Book, Indie, Adventure, Atmospheric","Oct 22, 2025",AdHoc Studio
FOR HONOR™,$4.49,-85%,Mixed,"Medieval, Swordplay, Action, Multiplayer, Fighting, PvP, Third Person, War, Gore, Co-op, Singleplayer, Online Co-Op, Hack and Slash, Realistic, Strategy, Atmospheric, RPG, Fantasy, Story Rich, MOBA","Feb 13, 2017",Ubisoft
Red Dead Redemption 2,$98.98,0%,Very Positive,"Open World, Story Rich, Western, Multiplayer, Adventure, Action, Realistic, Singleplayer, Shooter, Horses, Beautiful, Atmospheric, Third-Person Shooter, Great Soundtrack, Third Person, Gore, Sandbox, First-Person, FPS, Sexual Content","Dec 5, 2019",Rockstar Games
Cat Mail Co.,$14.29,-36%,Very Positive,"Relaxing, Simulation, Management, Cozy, Cats, Cute, Life Sim, Online Co-Op, Multiplayer, Atmospheric, Stylized, Colorful, Co-op, Magic, Physics, Singleplayer, First-Person, Crafting, 3D, Puzzle","Jul 9, 2026","Maracas Studio, Gamersky Games"
Torchlight: Infinite,Free To Play,0%,Mixed,"RPG, Hack and Slash, Loot, Action RPG, Multiplayer, Free to Play, Action, Adventure, Dungeon Crawler, Combat, Top-Down, Singleplayer, Action-Adventure, Fantasy, Character Customization, Story Rich, Co-op, Sexual Content, Time Travel, Magic","May 9, 2023",XD
STAR WARS™: The Old Republic™,Free To Play,0%,Very Positive,"Free to Play, MMORPG, Multiplayer, Character Customization, Open World, RPG, Story Rich, Choices Matter, Massively Multiplayer, Sci-fi, Adventure, Space, Action, Third Person, PvP, Atmospheric, Action RPG, Controller, Party-Based RPG, Great Soundtrack","Dec 20, 2011",Electronic Arts
Project Zomboid,$43.98,0%,Very Positive,"Survival, Zombies, Open World, Multiplayer, Open World Survival Craft, Sandbox, Post-apocalyptic, Co-op, Crafting, Building, Indie, Simulation, RPG, Survival Horror, Realistic, Isometric, Singleplayer, 2D, Adventure, Early Access","Nov 8, 2013",The Indie Stone
Sons Of The Forest,$29.99,0%,Very Positive,"Survival, Open World, Multiplayer, Co-op, Survival Horror, Base Building, Horror, Crafting, Building, First-Person, Exploration, Adventure, Singleplayer, Atmospheric, Sandbox, Action-Adventure, Action, Simulation, Immersive Sim, VR","Feb 22, 2024",Newnight
Conan Exiles Enhanced,$29.99,-25%,Mostly Positive,"Survival, Open World, Nudity, Building, Open World Survival Craft, Crafting, Multiplayer, Sandbox, RPG, Massively Multiplayer, Adventure, Action, Online Co-Op, Exploration, Singleplayer, Co-op, Violent, Fantasy, Gore, PvP","May 8, 2018",Funcom
Guild Wars 2®,$99.97,0%,Very Positive,"MMORPG, Adventure, RPG, Free to Play, Character Customization, Fantasy, Massively Multiplayer, Third Person, PvP, 3D, Multiplayer, Atmospheric, Class-Based, Combat, Strategy, Crafting, Online Co-Op, Exploration, Singleplayer, Story Rich","Aug 23, 2022","ArenaNet®, NCSOFT"
Marathon,$27.99,-30%,Mixed,"Extraction Shooter, PvP, Multiplayer, Sci-fi, FPS, Shooter, Futuristic, First-Person, Action, PvE, Cyberpunk, Gun Customization, Class-Based, Online Co-Op, Inventory Management, Survival, Psychological Horror, Character Customization, Hero Shooter, LGBTQ+","Mar 5, 2026",Bungie
Disney Dreamlight Valley,$51.28,0%,Very Positive,"Relaxing, Life Sim, Character Customization, Exploration, Adventure, Simulation, Sandbox, Fantasy, Casual, Singleplayer, Story Rich, Family Friendly, Farming Sim, Cooking, Crafting, Fishing, Immersive Sim, Magic, 3D, Choose Your Own Adventure","Dec 5, 2023",Gameloft
SAND: Raiders of Sophie,$35.98,-27%,Mixed,"Early Access, PvP, Extraction Shooter, Vehicular Combat, Battle Royale, Open World, FPS, Pirates, Massively Multiplayer, Survival, Loot, PvE, Driving, Exploration, Shooter, Mechs, Transportation, First-Person, Online Co-Op, Action","Jun 22, 2026",tinyBuild
BeamNG.drive,$24.99,0%,Overwhelmingly Positive,"Simulation, Driving, Physics, Realistic, Destruction, Automobile Sim, Sandbox, Open World, Racing, Multiplayer, Moddable, Singleplayer, Early Access, First-Person, VR, Third Person, Funny, Action, Adventure, Exploration","May 29, 2015",BeamNG
House Flipper 2,$24.63,-52%,Very Positive,"Co-op, Immersive Sim, Casual, Relaxing, Decorating, Design & Illustration, Simulation, First-Person, Building, Cleaning, Family Friendly, Base Building, Singleplayer, Online Co-Op, Organizing, Economy, 3D, Colorful, Realistic, Sandbox","Dec 14, 2023",Frozen District
Microsoft Flight Simulator 2024,$69.99,0%,Mostly Positive,"Simulation, Flight, Realistic, VR, Multiplayer, Hobby Sim, Singleplayer, Atmospheric, Sandbox, Exploration, Family Friendly, Open World, Nature, Relaxing, Nonlinear, Immersive Sim, Physics, Character Customization, Colorful, Psychological Horror","Nov 19, 2024",Xbox Game Studios
Denshattack!,$17.99,-10%,Overwhelmingly Positive,"Arcade, Trains, 3D Platformer, Fast-Paced, Colorful, Anime, Skating, Platformer, Score Attack, Story Rich, Action, Racing, Cartoony, Adventure, Third Person, Controller, Singleplayer, Dystopian, Casual, Visual Novel","Jul 15, 2026","Fireshine Games, Boltray Games"
PowerWash Simulator 2,$33.28,-25%,Very Positive,"Casual, Simulation, Cleaning, Relaxing, Local Multiplayer, Multiplayer, Online Co-Op, Sandbox, Local Co-Op, First-Person, Immersive Sim, Split Screen, 3D, Family Friendly, Colorful, Realistic, Atmospheric, Singleplayer, Co-op, Funny","Oct 23, 2025",FuturLab
Cities: Skylines II,$41.76,0%,Mostly Positive,"City Builder, Simulation, Building, Sandbox, Management, Singleplayer, Economy, Strategy, Realistic, Moddable, Resource Management, Relaxing, Transportation, Casual, Atmospheric, Early Access, Open World, Mod, Great Soundtrack, Psychological Horror","Oct 24, 2023",Paradox Interactive
Hades II,$20.99,-30%,Very Positive,"Action, Roguelike, Roguelite, Hack and Slash, Mythology, Action Roguelike, Female Protagonist, RPG, Dungeon Crawler, Action RPG, Story Rich, Singleplayer, Isometric, Indie, Hand-drawn, Atmospheric, Difficult, Souls-like, LGBTQ+, Perma Death","Sep 25, 2025",Supergiant Games
Backyard Baseball,$39.99,0%,Mostly Positive,"Sports, Baseball, PvP, Arcade, eSports, Party Game, RPG, 3D, Cute, Funny, Action, Casual, Simulation, Cartoony, Stylized, Colorful, Family Friendly, Comedy, Adventure, Cartoon","Jul 9, 2026",Playground Productions
Destiny 2: Renegades,$10.99,-45%,Mostly Negative,"Open World, Multiplayer, Looter Shooter, MMORPG, FPS, Co-op, PvE, PvP, Shooter, Loot, Massively Multiplayer, First-Person, Action, Sci-fi, Adventure, Lore-Rich, Space, Competitive, Atmospheric, Free to Play","Dec 2, 2025",Bungie
Marvel's Spider-Man 2,$69.99,0%,Very Positive,"Action, Open World, Superhero, Singleplayer, Adventure, Action-Adventure, Story Rich, Third Person, Comic Book, Stealth, Controller, Political, Great Soundtrack, Atmospheric, LGBTQ+, Combat, Exploration, Multiplayer, Politics, Beat 'em up","Jan 30, 2025",PlayStation Publishing LLC
Factorio,Factorio Demo,0%,Overwhelmingly Positive,"Automation, Base Building, Resource Management, Sandbox, Crafting, Strategy, Multiplayer, Survival, Management, Open World, Building, Co-op, 2D, Moddable, Singleplayer, Trains, Simulation, Pixel Graphics, City Builder, Indie","Aug 14, 2020",Wube Software LTD.
Heroes of Might and Magic: Olden Era,$29.99,-25%,Very Positive,"Strategy, Turn-Based Strategy, Multiplayer, RPG, Fantasy, Simulation, Tactical, Grand Strategy, War, 4X, Sandbox, Historical, Turn-Based, Action, Singleplayer, Military, Moddable, Management, Early Access, Economy","Apr 30, 2026",Hooded Horse
"Warhammer 40,000: Rogue Trader",$67.48,0%,Very Positive,"RPG, Choices Matter, CRPG, Character Customization, Turn-Based Strategy, Turn-Based Combat, Strategy, Adventure, Co-op, Tactical RPG, Atmospheric, Fantasy, Dark Fantasy, Action, Multiplayer, Story Rich, Sci-fi, Singleplayer, Space, Romance","Dec 7, 2023",Owlcat Games
ELDEN RING NIGHTREIGN,$39.99,0%,Mostly Positive,"Souls-like, Online Co-Op, Multiplayer, Roguelike, Co-op, Singleplayer, PvE, Action, Third Person, Roguelite, Action RPG, Open World, RPG, Dark, Violent, 3D, Survival, Lore-Rich, Story Rich, Dating Sim","May 29, 2025","FromSoftware, Inc., Bandai Namco Entertainment"
Lost Ark,Free To Play,0%,Mixed,"MMORPG, Free to Play, Action RPG, Multiplayer, Hack and Slash, Character Customization, RPG, Massively Multiplayer, Sexual Content, Action, PvE, Adventure, Fantasy, PvP, Isometric, Class-Based, Online Co-Op, Singleplayer, Violent, Gore","Feb 11, 2022",Amazon Game Studios
The Isle,$19.99,0%,Mostly Positive,"Dinosaurs, Survival, Open World, Multiplayer, Simulation, Hunting, Realistic, Massively Multiplayer, Adventure, Horror, Early Access, Action, Third Person, Co-op, Sandbox, Walking Simulator, RPG, Strategy, Team-Based, Indie","Dec 1, 2015",Afterthought LLC
Call of Duty®: Modern Warfare® 4,$69.99,0%,N/A,"Action, Shooter, FPS, First-Person, Cinematic, PvP, Gun Customization, Multiplayer, Story Rich, Co-op, Online Co-Op, Singleplayer, Military, War, Artificial Intelligence, Tactical, Modern, Combat, Violent, Competitive","Oct 22, 2026",Activision
Solarpunk™,$18.39,-20%,Very Positive,"Open World Survival Craft, Co-op, Base Building, Crafting, Building, Online Co-Op, Multiplayer, Sandbox, Open World, Survival, Cozy, Relaxing, Farming Sim, Simulation, First-Person, Automation, Farming, Exploration, Atmospheric, Indie","Jun 8, 2026","rokaplay, Metaroot"
Valheim,$9.99,-50%,Very Positive,"Open World Survival Craft, Survival, Online Co-Op, Open World, Multiplayer, Building, Crafting, Base Building, Exploration, Co-op, Adventure, Difficult, Mythology, Sandbox, PvE, Third Person, Action, Singleplayer, Early Access, Indie","Feb 2, 2021",Coffee Stain Publishing
Gothic 1 Remake,$49.99,0%,Very Positive,"RPG, Action, Exploration, Adventure, Third Person, Atmospheric, Action RPG, Dark Fantasy, Realistic, Gothic, Fantasy, 3D, Medieval, Magic, Combat, Singleplayer, Crafting, Story Rich, Remake, Choose Your Own Adventure","Jun 5, 2026","Alkimia Interactive, THQ Nordic"
Sea of Thieves: 2026 Edition,$39.99,0%,Very Positive,"Multiplayer, Open World, Adventure, Pirates, Co-op, Online Co-Op, PvP, Sailing, Action, First-Person, Exploration, Naval, PvE, Funny, Massively Multiplayer, FPS, Atmospheric, Singleplayer, Great Soundtrack, Swordplay","Jun 3, 2020",Xbox Game Studios
Backrooms: Escape Together,$9.99,0%,Very Positive,"Multiplayer, Horror, Online Co-Op, Psychological Horror, Survival Horror, Co-op, Atmospheric, First-Person, Realistic, Early Access, Exploration, Procedural Generation, Adventure, Puzzle, Casual, Action, 3D, Singleplayer, Action-Adventure, Sci-fi","Oct 18, 2022",Triiodide Studios
Hunt: Showdown 1896,$11.99,-60%,Mostly Positive,"Multiplayer, FPS, PvP, Team-Based, Tactical, Open World, Extraction Shooter, Atmospheric, Western, Horror, Perma Death, Shooter, Online Co-Op, Co-op, Survival Horror, Difficult, Battle Royale, Action, Gore, Zombies","Aug 27, 2019",Crytek
Borderlands 4,$69.99,0%,Mixed,"FPS, Looter Shooter, PvE, Open World, Co-op, Loot, Action RPG, RPG, First-Person, Action-Adventure, Multiplayer, Action, Controller, Sci-fi, Online Co-Op, Funny, Space, Futuristic, Adventure, LGBTQ+","Sep 11, 2025",2K
RV There Yet?,$7.99,0%,Very Positive,"Multiplayer, Co-op, Funny, Online Co-Op, Adventure, Driving, Physics, First-Person, Exploration, Indie, 3D, Atmospheric, Offroad, Casual, Singleplayer, Psychological Horror, Controller, Character Customization, Action, Stylized","Oct 21, 2025",Nuggets Entertainment
Zenless Zone Zero,Free To Play,0%,Very Positive,"Anime, Free to Play, Action, Cute, Funny, Hack and Slash, Great Soundtrack, Story Rich, Post-apocalyptic, Stylized, Action RPG, Third Person, Adventure, Singleplayer, Character Action Game, RPG, Spectacle fighter, Action-Adventure, Casual, Atmospheric","Jun 16, 2026",COGNOSPHERE PTE. LTD.
OPERATOR,$19.99,0%,Very Positive,"Early Access, Realistic, Shooter, Tactical, Action, Simulation, FPS, PvE, War, Multiplayer, Gore, Gun Customization, Singleplayer, Character Customization, First-Person, Strategy, Combat, PvP, RPG, Dark","Aug 1, 2023",VECTOR INTERACTIVE PTY LTD
Moonlight Peaks,$44.97,0%,Very Positive,"Life Sim, Farming Sim, Vampires, Cute, Decorating, Romance, Fantasy, Relaxing, Simulation, Supernatural, Story Rich, Character Customization, Magic, Casual, Singleplayer, Third Person, Funny, RPG, 3D, Immersive Sim","Jul 6, 2026","XSEED Games, Marvelous Europe"
Halo: The Master Chief Collection,$39.99,0%,Very Positive,"Great Soundtrack, FPS, Classic, Multiplayer, Story Rich, Sci-fi, Co-op, First-Person, Shooter, Epic, Action, Singleplayer, Aliens, Lore-Rich, Beautiful, Space, Atmospheric, Adventure, Horror, Online Co-Op","Dec 3, 2019",Xbox Game Studios
Jurassic World Evolution 3,$89.73,0%,Overwhelmingly Positive,"Simulation, Dinosaurs, Strategy, Sandbox, City Builder, Sequel, Management, Action, Resource Management, Economy, Atmospheric, Sci-fi, Survival, Base Building, Singleplayer, Building, Open World, Multiplayer, Violent, Artificial Intelligence","Oct 21, 2025",Frontier Developments
Digimon Story Time Stranger,$59.99,-40%,Very Positive,"RPG, JRPG, Creature Collector, Anime, Party-Based RPG, 3D, Collectathon, Cute, Time Travel, Fantasy, Turn-Based Combat, Emotional, Alternate History, Modern, Pixel Graphics, Mythology, Singleplayer, Character Customization, Story Rich, Team-Based","Oct 2, 2025",Bandai Namco Entertainment Inc.
Risk of Rain 2,$34.78,0%,Very Positive,"Third-Person Shooter, Action Roguelike, Multiplayer, Co-op, Roguelike, Roguelite, Action, Looter Shooter, Loot, Online Co-Op, Shooter, Great Soundtrack, Difficult, Indie, Third Person, Survival, Singleplayer, Soundtrack, Early Access, Bullet Hell","Aug 11, 2020","Gearbox Publishing, 2K"
Call of Duty®: Black Ops 7 - BlackCell (Season 05),$29.99,0%,Positive,"FPS, Multiplayer, Shooter, Singleplayer, Action, Military, First-Person, War, Modern, Violent, Tactical, Co-op, Realistic, Story Rich, Atmospheric, Online Co-Op, Gore, Third-Person Shooter, Third Person, Battle Royale","Jul 23, 2026",Activision
Librarian: Tidy Up the Arcane Library!,$5.99,0%,Very Positive,"Relaxing, Organizing, Collectathon, Artificial Intelligence, Puzzle, Hidden Object, Casual, Singleplayer, 3D, Simulation, Magic, Fantasy, Immersive Sim, Funny, Atmospheric, Realistic, Tactical, Indie, Score Attack, Memes","Apr 30, 2026",ArtRising
Total War: WARHAMMER III,$22.92,0%,Very Positive,"Strategy, Turn-Based Strategy, Grand Strategy, RTS, Fantasy, Real Time Tactics, War, Dark Fantasy, Dwarves, Action, Tactical, Multiplayer, Atmospheric, Co-op, Colorful, PvP, Singleplayer, Online Co-Op, Story Rich, Tower Defense","Feb 16, 2022","SEGA, Feral Interactive"
Super Battle Golf,$25.18,0%,Very Positive,"Multiplayer, Online Co-Op, Co-op, Sports, Physics, Comedy, Funny, Golf, Exploration, 3D, Action, Adventure, Colorful, PvP, Cute, Character Customization, Third Person, Party Game, Mini Golf, Racing","Feb 19, 2026",Oro Interactive
7 Days to Die,$49.48,0%,Mixed,"Survival, Zombies, Multiplayer, Open World, Open World Survival Craft, Base Building, Post-apocalyptic, Online Co-Op, Voxel, Building, Exploration, Sandbox, FPS, Simulation, Horror, Tower Defense, Character Customization, Action, Strategy, Procedural Generation","Jul 25, 2024",The Fun Pimps Entertainment LLC
Yu-Gi-Oh! Master Duel,Free To Play,0%,Mixed,"Card Game, Free to Play, Strategy, Trading Card Game, Multiplayer, PvP, Anime, Card Battler, Turn-Based Tactics, Simulation, Tactical, Singleplayer, eSports, Dragons, Fantasy, Great Soundtrack, 3D, PvE, 2D, Deckbuilding","Jan 18, 2022",KONAMI
Kingdom Come: Deliverance II,$103.97,0%,Very Positive,"RPG, Medieval, Open World, Singleplayer, Story Rich, First-Person, Realistic, Adventure, Action, Historical, Swordplay, Combat, Immersive, Political, Choices Matter, Atmospheric, Alternate History, Action-Adventure, 3D, LGBTQ+","Feb 4, 2025",Deep Silver
The First Descendant,Free To Play,0%,Mixed,"Free to Play, Sexual Content, Looter Shooter, Multiplayer, Third-Person Shooter, Online Co-Op, RPG, Action, Shooter, Third Person, Action RPG, Character Customization, Singleplayer, Co-op, PvE, Adventure, Sci-fi, Combat, Nudity, Story Rich","Jun 30, 2024",NEXON
Far Far West,$19.99,0%,Very Positive,"Early Access, Online Co-Op, FPS, PvE, Western, Multiplayer, Extraction Shooter, Co-op, Shooter, Action, Robots, Loot, Comedy, First-Person, Combat, Difficult, Action-Adventure, Magic, Sci-fi, Survival","Apr 28, 2026",Fireshine Games
MARVEL Tōkon: Fighting Souls,$59.99,0%,N/A,"Action, Casual, 2D Fighter, Arcade, eSports, Spectacle fighter, 2.5D, 2D, 3D, Anime, Comic Book, Colorful, Combat, Score Attack, Story Rich, Team-Based, Local Multiplayer, Multiplayer, Singleplayer, Superhero","Aug 6, 2026",PlayStation Publishing LLC
EA Play,Free to Play / Not Available,0%,Mixed,"Sports, Shooter, Multiplayer, RTS, Puzzle, Simulation, Racing, Adventure, Action-Adventure, Strategy, Family Friendly, Action, Co-op, RPG, Story Rich, Casual, Competitive, PvP, Early Access, Battle Royale","Aug 31, 2020",Electronic Arts
The Planet Crafter,$11.99,-50%,Overwhelmingly Positive,"Base Building, Open World Survival Craft, Survival, Online Co-Op, Co-op, Building, Crafting, Space, Open World, Exploration, Automation, Sandbox, Resource Management, Sci-fi, First-Person, Singleplayer, Adventure, Story Rich, Immersive Sim, Aliens","Apr 10, 2024",Miju Games
SILENT HILL 2,$27.99,-60%,Very Positive,"Psychological Horror, Horror, Story Rich, Survival Horror, Atmospheric, Psychological, Remake, Great Soundtrack, Singleplayer, Third Person, Multiple Endings, Adventure, Exploration, Cinematic, Action, Sexual Content, Violent, Classic, 3D, Action-Adventure","Oct 7, 2024",KONAMI
Barony,$34.16,0%,Very Positive,"Multiplayer, Dungeon Crawler, Roguelike, Action Roguelike, Online Co-Op, Local Multiplayer, Local Co-Op, First-Person, Fantasy, Action RPG, 4 Player Local, Co-op, Singleplayer, RPG, Co-op Campaign, Pixel Graphics, Split Screen, Difficult, Immersive Sim, Indie","Jun 23, 2015",Turning Wheel LLC
Scrap Mechanic,$39.58,0%,Very Positive,"Building, Sandbox, Multiplayer, Survival, Open World, Physics, Crafting, Base Building, Co-op, Adventure, First-Person, Singleplayer, Third Person, Funny, Simulation, Early Access, Action, Indie, Moddable, Online Co-Op","Jul 24, 2026",Axolot Games
Train Sim World® 6,$9.99,-80%,Mostly Positive,"Simulation, Trains, Transportation, Automobile Sim, Immersive Sim, Driving, Strategy, Exploration, First-Person, Third Person, Realistic, Atmospheric, Family Friendly, Relaxing, Moddable, Open World, LGBTQ+, Physics, Tutorial, Singleplayer","Sep 30, 2025",Dovetail Games - TSW
Split Fiction,$53.98,0%,Overwhelmingly Positive,"Co-op, Split Screen, Local Co-Op, Female Protagonist, Online Co-Op, Action-Adventure, 3D Platformer, Fantasy, Sci-fi, Story Rich, Co-op Campaign, Third Person, Multiplayer, Adventure, Action, Local Multiplayer, Psychological Horror, Puzzle Platformer, Platformer, Funny","Mar 6, 2025",Electronic Arts
Enshrouded,$34.18,0%,Mostly Positive,"Open World, Survival, Base Building, Multiplayer, Online Co-Op, Crafting, RPG, Adventure, Exploration, Building, Action RPG, Fantasy, Singleplayer, Sandbox, Character Customization, PvE, Early Access, Action, 3D, Indie","Jan 24, 2024",Keen Games GmbH
HITMAN World of Assassination,$5.99,-80%,Very Positive,"Stealth, Assassins, Singleplayer, VR, Action, Sandbox, Multiplayer, Violent, Shooter, Third Person, Third-Person Shooter, Open World, Realistic, Puzzle, Adventure, Cinematic, Gore, Immersive Sim, Funny, Capitalism","Jan 20, 2022",IO Interactive A/S
Palia,Free To Play,0%,Very Positive,"Free to Play, Multiplayer, Life Sim, Cozy, Farming Sim, Exploration, Building, Crafting, Relaxing, Online Co-Op, Casual, Cute, Dating Sim, RPG, Co-op, Nature, Simulation, Mystery, Atmospheric, MMORPG","Mar 25, 2024",Singularity 6 Corporation
Granblue Fantasy: Relink - Endless Ragnarok Upgrade Kit (Standard Edition),$29.99,0%,Very Positive,"Anime, Action RPG, JRPG, Action, Online Co-Op, Multiplayer, RPG, Fantasy, Female Protagonist, Singleplayer, Third Person, Hack and Slash, Spectacle fighter, 3D, Magic, Controller, Swordplay, PvE, Dragons, Tutorial","Jul 8, 2026","Cygames, Inc."
Dead as Disco,$31.48,0%,Overwhelmingly Positive,"Early Access, Rhythm, Beat 'em up, Spectacle fighter, Hack and Slash, Music, Martial Arts, PvE, Action, Arcade, Character Customization, Character Action Game, Souls-like, Third Person, 3D, Cyberpunk, Controller, Colorful, Anime, Stylized","May 5, 2026","Brain Jar Games, Inc."
Raft,$19.99,0%,Very Positive,"Survival, Multiplayer, Open World Survival Craft, Co-op, Crafting, Open World, Building, Base Building, Online Co-Op, Adventure, Sandbox, First-Person, Singleplayer, Underwater, Simulation, Early Access, Action, Indie, Strategy, Massively Multiplayer","Jun 20, 2022",Axolot Games
Deep Rock Galactic: Rogue Core,$23.99,-20%,Mixed,"FPS, Dwarves, Co-op, PvE, Roguelite, Action Roguelike, Shooter, Fast-Paced, Action, Combat, First-Person, Online Co-Op, Horror, Sci-fi, Dark, Multiplayer, Character Customization, Exploration, Roguelike, Early Access","May 20, 2026","Ghost Ship Publishing, Coffee Stain Publishing"
Tabletop Simulator,$19.99,0%,Very Positive,"Tabletop, Board Game, Simulation, Multiplayer, Sandbox, Card Game, VR, Trading Card Game, Moddable, Physics, Online Co-Op, Strategy, 3D, Casual, Wargame, Co-op, RPG, Funny, First-Person, Indie","Jun 5, 2015",Berserk Games
F1® 25,$39.99,-20%,Very Positive,"Racing, Sports, Multiplayer, Driving, Simulation, VR, Automobile Sim, PvP, Online Co-Op, Co-op, Singleplayer, Controller, Realistic, Split Screen, Arcade, Competitive","May 30, 2025",Electronic Arts
DOOM: The Dark Ages,$69.99,0%,Very Positive,"Action, FPS, Demons, Dark Fantasy, Singleplayer, Gore, Sci-fi, Cinematic, First-Person, Shooter, Story Rich, Atmospheric, Lore-Rich, Dragons, Mechs, Adventure, Fast-Paced, Boomer Shooter, Great Soundtrack, Violent","May 14, 2025",Bethesda Softworks
Call of Duty®: Warzone™,Free,0%,Mostly Negative,"Free to Play, FPS, Battle Royale, Multiplayer, Shooter, Action, Singleplayer, Violent, First-Person, Military, Gore, Online Co-Op, PvP, Survival, Co-op, Open World, Realistic, Adventure, Third Person, Atmospheric","Nov 16, 2022",Activision
Mount & Blade II: Bannerlord,$63.73,0%,Very Positive,"Medieval, Strategy, Open World, RPG, War, Multiplayer, Sandbox, Singleplayer, Action, Character Customization, Simulation, Moddable, Adventure, Horses, Realistic, Third Person, Historical, First-Person, Great Soundtrack, Early Access","Oct 25, 2022",TaleWorlds Entertainment
Terraria,$9.99,0%,Overwhelmingly Positive,"Open World Survival Craft, Sandbox, Survival, 2D, Multiplayer, Pixel Graphics, Adventure, Crafting, Building, Exploration, Co-op, Open World, Indie, Online Co-Op, Action, RPG, Singleplayer, Replay Value, Platformer, Atmospheric","May 16, 2011",Re-Logic
Planet Coaster 2,$25.99,-60%,Very Positive,"Simulation, Sandbox, Strategy, Building, City Builder, 3D, Singleplayer, Economy, God Game, Realistic, Management, Online Co-Op, Colorful, Atmospheric, Family Friendly, Relaxing, Funny, Multiplayer, Asynchronous Multiplayer, VR","Nov 6, 2024",Frontier Developments
Delta Force,Free To Play,0%,Mixed,"Free to Play, FPS, Extraction Shooter, Multiplayer, Shooter, Singleplayer, Gun Customization, Action, Massively Multiplayer, Co-op, PvP, First-Person, PvE, Online Co-Op, Military, Looter Shooter, Team-Based, Tactical, Co-op Campaign, Hero Shooter","Dec 4, 2024",TiMi Studio Group
Tom Clancy’s The Division® 2,$32.38,-40%,Mixed,"Looter Shooter, Open World, Multiplayer, Third-Person Shooter, Singleplayer, Online Co-Op, Shooter, Action, Adventure, RPG, Co-op, Post-apocalyptic, Loot, PvE, Character Customization, Massively Multiplayer, Survival, Military, PvP, Story Rich","Jan 12, 2023",Ubisoft
Derail Valley,$29.99,-25%,Overwhelmingly Positive,"Early Access, Trains, Simulation, Realistic, VR, Transportation, Driving, Open World, First-Person, Physics, Immersive Sim, Singleplayer, Economy, Sandbox, Resource Management, Indie, Replay Value, Adventure, Relaxing, Procedural Generation","Jan 25, 2019",Altfuture
DAVE THE DIVER,$41.36,0%,Very Positive,"Pixel Graphics, Management, Casual, Adventure, Relaxing, Exploration, Singleplayer, Fishing, RPG, Underwater, Simulation, Farming Sim, Story Rich, Roguelite, 2D, Crafting, Funny, Agriculture, Action, Indie","Jun 28, 2023",MINTROCKET
ZeroSpace,$35.99,-10%,Mostly Positive,"Early Access, Action RTS, Wargame, Real Time Tactics, RTS, PvE, City Builder, PvP, Strategy RPG, Story Rich, Action RPG, Grand Strategy, Base Building, Strategy, RPG, Isometric, Economy, Military, Robots, Survival","Jul 20, 2026","Starlance Studios, Gamersky Games"
Garry's Mod,$4.99,-50%,Overwhelmingly Positive,"Sandbox, Moddable, Multiplayer, Physics, Building, Casual, Funny, First-Person, Singleplayer, FPS, Simulation, Comedy, Shooter, Online Co-Op, Co-op, Action, Indie, PvP, Realistic, Exploration","Nov 29, 2006",Valve
IdleOn,Free To Play,0%,Mixed,"Idler, Incremental, Free to Play, MMORPG, Pixel Graphics, Multiplayer, RPG, Management, Crafting, Resource Management, Sandbox, Massively Multiplayer, Indie, Casual, Simulation, Character Customization, PvE, Old School, Cute, Early Access","Nov 6, 2025",Lavaflame2
Wallpaper Engine,$4.99,0%,Mostly Positive,"Utilities, Anime, Software, Design & Illustration, Animation & Modeling, First-Person, Indie, Cute, Memes, Action, Singleplayer, Funny, Early Access, Photo Editing, Sandbox, Gaming, Horror, Game Development, Souls-like, Dating Sim","Nov 16, 2018",Wallpaper Engine Team
PAYDAY 2,$4.99,-50%,Very Positive,"Co-op, Action, FPS, Heist, Multiplayer, Looter Shooter, Online Co-Op, Stealth, Crime, Shooter, Team-Based, First-Person, Great Soundtrack, Gun Customization, Tactical, PvE, Strategy, Singleplayer, Funny, Simulation","Aug 13, 2013",Starbreeze Entertainment
Abiotic Factor,$40.83,0%,Very Positive,"Survival, Online Co-Op, Open World Survival Craft, Crafting, Base Building, Sci-fi, Exploration, Co-op Campaign, Multiplayer, First-Person, Sandbox, Early Access, Science, FPS, Building, Immersive Sim, Adventure, PvE, Simulation, Aliens","Jul 22, 2025",Playstack
ELDEN RING Shadow of the Erdtree,$39.99,0%,Mixed,"Action, RPG, Souls-like, Difficult, Fantasy, Exploration, Lore-Rich, Dark, Adventure, Singleplayer, Multiplayer, Third Person, Story Rich, Action RPG, Character Customization, PvE, PvP, Online Co-Op, 3D, Co-op","Jun 20, 2024","FromSoftware, Inc., Bandai Namco Entertainment"
Half Sword,$27.98,0%,Mostly Positive,"Early Access, Gore, Physics, Combat, Medieval, Swordplay, Realistic, Historical, Simulation, Fighting, Action, Sandbox, Singleplayer, Third Person, Immersive, Hack and Slash, 3D Fighter, First-Person, 3D, Multiplayer","Jan 30, 2026",Game Seer Publishing
Assassin's Creed® Odyssey,$470.99,-9%,Very Positive,"Open World, Action-Adventure, RPG, Mythology, Assassins, Multiple Endings, Exploration, Singleplayer, Historical, Action, Third Person, Adventure, Stealth, Story Rich, Female Protagonist, Parkour, Choices Matter, Multiplayer, Choose Your Own Adventure, Cinematic","Oct 5, 2018",Ubisoft
Gray Zone Warfare,$67.99,0%,Mostly Positive,"FPS, Tactical, Realistic, Extraction Shooter, Simulation, Open World, Military, Shooter, PvE, Action, Competitive, Gun Customization, Multiplayer, PvP, Modern, Online Co-Op, Survival, War, Massively Multiplayer, Early Access","Apr 30, 2024","MADFINGER Games, a.s."
FINAL FANTASY VII REMAKE INTERGRADE,$39.99,0%,Very Positive,"RPG, Action RPG, JRPG, Singleplayer, Action-Adventure, Party-Based RPG, Spectacle fighter, Third Person, Action, Fantasy, Controller, Adventure, 3D, Magic, Story Rich, 3D Platformer, Cinematic, Realistic, Sci-fi, Great Soundtrack","Jun 17, 2022",Square Enix
No Rest for the Wicked,$80.97,0%,Mostly Positive,"Early Access, Souls-like, Action RPG, Online Co-Op, Hack and Slash, Open World, Combat, Exploration, RPG, Isometric, Cinematic, Character Customization, Colorful, Controller, 3D, Action, Immersive Sim, Dark Fantasy, Stylized, Atmospheric","Apr 18, 2024",Moon Studios GmbH
Cult of the Lamb,$37.78,0%,Overwhelmingly Positive,"Base Building, Action Roguelike, Cute, Cult, Singleplayer, Dungeon Crawler, Roguelite, Character Customization, Colony Sim, Dark Humor, Building, 2D, Adventure, Action, Faith, Fantasy, Funny, Controller, Colorful, Strategy","Aug 11, 2022",Devolver Digital
God of War Ragnarök,$69.99,0%,Very Positive,"Action, Adventure, Action-Adventure, RPG, Hack and Slash, Mythology, Story Rich, Cinematic, Action RPG, Third Person, 3D, Singleplayer, Atmospheric, Open World, Fantasy, Emotional, Combat, Gore, Souls-like, LGBTQ+","Sep 19, 2024",PlayStation Publishing LLC
DRAGON BALL XENOVERSE 2,$5.59,-30%,Very Positive,"Anime, Fighting, Character Customization, Action, Multiplayer, Adventure, Massively Multiplayer, Co-op, RPG, Online Co-Op, Singleplayer, Open World, Third Person, Story Rich, Moddable, MMORPG, Beat 'em up, Great Soundtrack, Dragons, Casual","Oct 27, 2016",Bandai Namco Entertainment
Starfield,$49.99,0%,Mixed,"Space, Open World, Singleplayer, RPG, Sci-fi, Exploration, Character Customization, First-Person, Story Rich, Action-Adventure, Third Person, Adventure, Action RPG, Space Sim, Atmospheric, Moddable, Action, Cinematic, Realistic, Great Soundtrack","Sep 5, 2023",Bethesda Softworks
Pathogenic,$7.99,-20%,Very Positive,"Roguelike, Top-Down Shooter, Bullet Hell, Bullet Heaven, Local Co-Op, Action Roguelike, Dungeon Crawler, Difficult, Shooter, Character Customization, Co-op, 2D, Controller, Perma Death, Procedural Generation, Roguelite, Action, Survival, Replay Value, Casual","Jul 16, 2026",Slug Disco
Resident Evil 7 Biohazard,$7.99,-60%,Very Positive,"Horror, Survival Horror, First-Person, Singleplayer, VR, Gore, Atmospheric, Zombies, Psychological Horror, Action, Violent, Survival, Puzzle, Multiplayer, Story Rich, Adventure, FPS, Exploration, Shooter, Classic","Jan 23, 2017","CAPCOM Co., Ltd."
Grounded 2,$39.99,0%,Very Positive,"Survival, Multiplayer, Adventure, Base Building, Co-op, Action, Open World, Exploration, Crafting, Open World Survival Craft, Early Access, Sandbox, Online Co-Op, RPG, First-Person, Third Person, Singleplayer, Horror, Split Screen, Building","Jul 29, 2025",Xbox Game Studios
Soul Land: Awakening World,Free To Play,0%,Mixed,"Adventure, Action, RPG, 3D Fighter, Action-Adventure, MMORPG, Action RPG, Spectacle fighter, Free to Play, Tactical RPG, Exploration, Massively Multiplayer, 3D, Anime, Third Person, Open World, Fantasy, PvP, Multiplayer","Jun 1, 2026",37GAMES
PRAGMATA,$59.99,0%,Very Positive,"Sci-fi, Cute, Action, Third-Person Shooter, Funny, Adventure, Robots, Futuristic, Singleplayer, Action-Adventure, Hacking, Third Person, Story Rich, Space, 3D, Artificial Intelligence, PvE, Realistic, Female Protagonist, Souls-like","Apr 16, 2026","CAPCOM Co., Ltd."
SnowRunner,$11.99,-60%,Very Positive,"Simulation, Automobile Sim, Multiplayer, Driving, Adventure, Exploration, Realistic, Open World, Sandbox, First-Person, Third Person, Atmospheric, Snow, Immersive Sim, Physics, Racing, Nature, ATV, Team-Based, PvE","May 17, 2021",Focus Entertainment
Angels Fall First,$41.29,0%,Very Positive,"Action, FPS, Indie, Sci-fi, Multiplayer, Space, Simulation, First-Person, Singleplayer, Tactical, Violent, Shooter, Co-op, Futuristic, War, PvP, Military, Space Sim, 6DOF, Combat","Jul 11, 2026",Strangely Interactive Ltd
Age of Empires II: Definitive Edition,$67.98,0%,Very Positive,"Strategy, RTS, City Builder, Multiplayer, Base Building, Historical, Singleplayer, Medieval, Resource Management, Classic, Tactical, Real-Time, Co-op, Remake, 2D, Isometric, Replay Value, Action, Great Soundtrack, Adventure","Nov 14, 2019",Xbox Game Studios
Stellar Blade™,$59.99,0%,Very Positive,"Female Protagonist, Action, Hack and Slash, Souls-like, Sexual Content, Singleplayer, Third Person, Action RPG, Post-apocalyptic, Adventure, Action-Adventure, Combat, Futuristic, 3D, Story Rich, Multiple Endings, Dystopian, Quick-Time Events, Stylized, PvE","Jun 11, 2025",PlayStation Publishing LLC (excluding China)
SILENT HILL f,$34.99,-50%,Mostly Positive,"Psychological Horror, Horror, Female Protagonist, Survival Horror, Story Rich, Souls-like, Action, Psychological, Adventure, Atmospheric, Action-Adventure, Exploration, Cinematic, Multiple Endings, Gore, Third Person, Singleplayer, Violent, 3D, Combat","Sep 24, 2025",KONAMI
Bloons TD 6,$39.17,0%,Overwhelmingly Positive,"Tower Defense, Strategy, Multiplayer, Singleplayer, Online Co-Op, Co-op, Family Friendly, Casual, 3D, Cartoony, Sandbox, 2D, Great Soundtrack, Difficult, Touch-Friendly, Cute, Funny, Addictive, Survival, Action","Dec 17, 2018",Ninja Kiwi
inZOI,$39.99,0%,Very Positive,"Life Sim, Character Customization, Simulation, Realistic, Singleplayer, Building, Family Friendly, Romance, Sandbox, Immersive Sim, Dating Sim, Sexual Content, Modern, Cats, City Builder, Relaxing, Moddable, Casual, Early Access, Cute","Mar 27, 2025","KRAFTON, Inc."
Sid Meier’s Civilization® VI,$5.99,-90%,Very Positive,"Strategy, Turn-Based Strategy, Multiplayer, Historical, Grand Strategy, Singleplayer, Turn-Based, 4X, City Builder, War, Simulation, Tactical, Management, Building, Online Co-Op, Moddable, Great Soundtrack, Co-op, Hex Grid, Atmospheric","Oct 20, 2016","2K, Aspyr (Mac), Aspyr (Linux)"
Fallout 4,$89.08,0%,Very Positive,"Open World, Post-apocalyptic, Singleplayer, Exploration, RPG, Adventure, Atmospheric, Shooter, First-Person, Story Rich, Action, FPS, Sci-fi, Sandbox, Action RPG, Great Soundtrack, Survival, Third Person, Third-Person Shooter, Character Customization","Nov 9, 2015",Bethesda Softworks
REMATCH,$14.99,-50%,Mostly Positive,"Sports, Football (Soccer), Multiplayer, PvP, eSports, Online Co-Op, Arcade, Simulation, Team-Based, Immersive, Third-Person Shooter, Third Person, Real Time Tactics, Character Customization, Action RTS, 3D, Colorful, Stylized, Action, Futuristic","Jun 19, 2025","Sloclap, Kepler Interactive"
Mina the Hollower,$34.18,-5%,Very Positive,"Action-Adventure, Top-Down, Pixel Graphics, Female Protagonist, 2D Platformer, Platformer, 2D, Gothic, Action, Souls-like, Controller, Horror, Dark Fantasy, Colorful, Fantasy, Adventure, Atmospheric, Science, Singleplayer, Difficult","May 28, 2026",Yacht Club Games
Assassin’s Creed Shadows,$470.99,-9%,Mixed,"Action-Adventure, Open World, Ninja, Stealth, Samurai, Assassins, Combat, 3D, Action, Historical, Adventure, Singleplayer, Base Building, RPG, Swordplay, Third Person, Female Protagonist, Parkour, Exploration, Violent","Mar 19, 2025",Ubisoft
Victoria 3,$14.99,-70%,Mixed,"Grand Strategy, Economy, Historical, Political Sim, Strategy, Capitalism, Politics, Diplomacy, Management, Simulation, Alternate History, Moddable, Political, Resource Management, Real-Time with Pause, Sandbox, Multiplayer, Singleplayer, Replay Value, Military","Oct 25, 2022",Paradox Interactive
Hell Let Loose: Vietnam,$35.99,-10%,N/A,"Action, Simulation, Strategy, FPS, Shooter, Military, Massively Multiplayer, Historical, Realistic, War, First-Person, Violent, Gore, Tactical, Combat, Multiplayer, PvP, Cold War, Vehicular Combat, Wargame","Aug 13, 2026",Team17
Monster Hunter: World,$7.79,-74%,Very Positive,"Co-op, Multiplayer, Action, Open World, RPG, Character Customization, Third Person, Adventure, Fantasy, Action RPG, Difficult, Singleplayer, Exploration, Great Soundtrack, Replay Value, Atmospheric, Hack and Slash, JRPG, MMORPG, Souls-like","Aug 8, 2018","CAPCOM Co., Ltd."
Left 4 Dead 2,$14.98,0%,Overwhelmingly Positive,"Zombies, Co-op, FPS, Multiplayer, Shooter, Online Co-Op, Action, Survival, Horror, First-Person, Gore, Team-Based, Moddable, Survival Horror, Post-apocalyptic, Singleplayer, Adventure, Local Co-Op, Replay Value, Tactical","Nov 16, 2009",Valve
NTE: Neverness to Everness,Free To Play,0%,Very Positive,"RPG, Free to Play, Open World, Adventure, Anime, Action, Driving, Combat, JRPG, Multiplayer, Life Sim, Cartoon, 3D Platformer, Romance, Action-Adventure, Cinematic, Action RPG, Fishing, Surreal, Motorbike","Jul 7, 2026",Perfect World Games
Call of Duty®: Black Ops,$792.38,0%,Very Positive,"Action, FPS, Zombies, Multiplayer, Shooter, Singleplayer, Cold War, First-Person, War, Military, Online Co-Op, Co-op, Story Rich, Gore, Controller, Adventure, Linear, Massively Multiplayer, Horror, Great Soundtrack","Nov 9, 2010",Activision
Aimlabs,Free,0%,Mostly Positive,"FPS, Free to Play, Shooter, Simulation, Action, First-Person, Third-Person Shooter, Software, eSports, Score Attack, Controller, Level Editor, Competitive, Co-op, PvP, PvE, Education, 3D, Sniper, Casual","Jun 16, 2023",Statespace
Marvel’s Spider-Man Remastered,$59.99,0%,Overwhelmingly Positive,"Open World, Superhero, Action, Singleplayer, Story Rich, Adventure, Combat, Action-Adventure, Third Person, Parkour, Comic Book, Exploration, Beautiful, Stealth, Great Soundtrack, Funny, Atmospheric, Sci-fi, Controller, Multiplayer","Aug 12, 2022",PlayStation Publishing LLC
Call of Duty®: Black Ops 7,$69.99,0%,Mostly Negative,"FPS, Shooter, Action, Multiplayer, Singleplayer, Zombies, Violent, First-Person, Gore, PvP, Futuristic, Cinematic, Co-op, Military, War, Online Co-Op, Gun Customization, Psychological, PvE, Story Rich","Nov 13, 2025",Activision
Grounded,$62.98,0%,Very Positive,"Survival, Multiplayer, Co-op, Open World Survival Craft, Base Building, Crafting, Open World, Adventure, Horror, Online Co-Op, Exploration, Action, Sandbox, Singleplayer, First-Person, RPG, Third Person, Cute, Funny, Early Access","Sep 27, 2022",Xbox Game Studios
The Incident at Galley House,$24.28,0%,Overwhelmingly Positive,"Mystery, Puzzle, Detective, Visual Novel, Story Rich, Adventure, Logic, Atmospheric, Nonlinear, Horror, Casual, 2D, 3D, Colorful, Singleplayer, Controller, Investigation","Jul 14, 2026",Evil Trout Inc.
V Rising,$15.74,-55%,Very Positive,"Vampires, Survival, Open World, Base Building, Multiplayer, Crafting, Online Co-Op, PvE, PvP, Building, Character Customization, Sandbox, Action-Adventure, Exploration, Massively Multiplayer, Dark Fantasy, Singleplayer, Top-Down, Adventure, Action","May 8, 2024",Stunlock Studios
Arma 3,$8.99,-70%,Very Positive,"Military, Action, Multiplayer, Shooter, Simulation, Realistic, First-Person, Open World, Tactical, FPS, War, Co-op, Sandbox, Strategy, Singleplayer, Moddable, Combat, Online Co-Op, Team-Based, Third-Person Shooter","Sep 12, 2013",Bohemia Interactive
Dark and Darker,$21.00,-30%,Mixed,"Early Access, Dungeon Crawler, Multiplayer, Loot, Medieval, Extraction Shooter, PvP, RPG, Online Co-Op, PvE, Battle Royale, First-Person, Fantasy, Survival, Class-Based, Magic, Swordplay, Exploration, Dark, Team-Based","Jun 7, 2024",IRONMACE
Brawlhalla,$19.99,-50%,Mixed,"Free to Play, Multiplayer, Fighting, 2D Fighter, 2D Platformer, Casual, Local Multiplayer, Co-op, Platformer, Controller, Action, Local Co-Op, Online Co-Op, Fantasy, 4 Player Local, eSports, Family Friendly, Cartoony, Singleplayer, Indie","Oct 17, 2017",Ubisoft
Cuphead,$26.98,0%,Very Positive,"Difficult, Cartoon, Co-op, Platformer, Local Co-Op, Great Soundtrack, Multiplayer, 2D, Indie, Hand-drawn, Bullet Hell, Cartoony, Retro, Action, Shoot 'Em Up, Singleplayer, Side Scroller, Souls-like, Colorful, Funny","Sep 29, 2017",Studio MDHR Entertainment Inc.
Witchspire,$37.98,0%,Very Positive,"Early Access, Adventure, Open World Survival Craft, Fantasy, Online Co-Op, Creature Collector, Action-Adventure, Crafting, Base Building, Open World, Magic, Combat, Controller, Inventory Management, Multiplayer, Colorful, Action RPG, Difficult, PvE, Singleplayer","Jun 10, 2026","Envar Games, Envar Publishing"
Tabletop Tavern,$15.99,-20%,Very Positive,"Strategy, Roguelike, RTS, Wargame, Real Time Tactics, Roguelite, Tactical, Historical, War, Tabletop, 3D, Isometric, Fantasy, Medieval, Combat, Mythology, Nonlinear, Singleplayer, Minimalist, Management","Jun 11, 2026","Frostbloom, Gamirror Games"
MechWarrior 5: Mercenaries,$64.96,0%,Very Positive,"Mechs, Simulation, FPS, Action, Shooter, Co-op, Vehicular Combat, First-Person, Moddable, Singleplayer, Destruction, 3D, Online Co-Op, Combat, Futuristic, Tutorial, Economy, Management, PvE, Resource Management","May 26, 2021",Piranha Games Inc.
Medieval Dynasty,$17.49,-50%,Very Positive,"Building, Crafting, Multiplayer, Medieval, Co-op, Survival, Open World, Base Building, Sandbox, Immersive Sim, RPG, Singleplayer, Simulation, Management, Atmospheric, Realistic, First-Person, Adventure, Historical, Agriculture","Sep 23, 2021",Toplitz Productions
KINGDOM HEARTS -HD 1.5+2.5 ReMIX-,$49.99,0%,Very Positive,"Action, RPG, Adventure, JRPG, Great Soundtrack, Action-Adventure, Emotional, Singleplayer, Story Rich, Fantasy, Magic, Colorful, 3D, Action RPG, Hack and Slash, Anime, Atmospheric, Character Action Game, Cute, Classic","Jun 13, 2024",Square Enix
Hell Let Loose,$17.49,-75%,Mostly Positive,"Shooter, Realistic, World War II, Multiplayer, Singleplayer, FPS, War, Military, Action, Tactical, First-Person, Simulation, Massively Multiplayer, Gore, Historical, Strategy, PvP, Violent, Indie, Tanks","Jul 27, 2021",Team17
